{
  "format_version": "1.8.0",
  "minecraft:client_entity": 
  {
    "description": {
      "identifier": "bus:mobid",
      "materials": {
        "default": "skeleton"
      },
      "textures": {
        "default": "textures/entity/mobid"
      },
      "geometry": {
        "default": "geometry.mobid"
      },
      "render_controllers": [ "controller.render.default" ],
      "spawn_egg": {
        "texture": "spawn_bus",
        "texture_index": 0
      }
    }
  }
}
